{
  "rowNumber": [
    1,
    2,
    3,
    4,
    5,
    6,
    7,
    8,
    9,
    10,
    11,
    12,
    13,
    14,
    15,
    16,
    17,
    18,
    19,
    20
  ],
  "temperature": [
    51,
    24,
    55,
    26,
    58,
    27,
    35,
    65,
    28,
    48,
    33,
    50,
    37,
    68,
    71,
    62,
    31,
    48,
    36,
    46
  ],
  "pressure": [
    0.19202674204222991,
    0.8489044607093907,
    0.7062338288347203,
    0.865787572435591,
    0.7842153154225818,
    0.6291441156401281,
    0.5137732773613072,
    0.4767823211298008,
    0.7020520212849068,
    0.9348415918938223,
    0.977296810418166,
    0.7734865616549215,
    0.5699104632308813,
    0.974828814028237,
    0.9219304467117979,
    0.676570865963443,
    0.3532900511325172,
    0.18123628731069563,
    0.27430599121538424,
    0.40285799203473693
  ]
}